date,task_id,task_type,project,model,used_skill,skill_name,total_tokens,duration_sec,success,rework_count
# 2026-03-04,TASK-0001,debug,core-service,gpt-5,true,log-analysis-helper,1820,420,true,0
2026-03-06,TASK-20260306-AOSO-001,ops,agent-auto-self-optimizing-closed-loop,gpt-5,true,aoso-repo-maintainer,0,0,true,0
2026-03-06,TASK-20260306-DASHBOARD-I18N,dashboard-i18n,agent-auto-self-optimizing-closed-loop,gpt-5,true,aoso-repo-maintainer,0,0,true,0
2026-03-06,TASK-20260306-DASHBOARD-INSTANT-OPT,dashboard,agent-auto-self-optimizing-closed-loop,gpt-5,true,aoso-repo-maintainer,0,0,true,0
2026-03-09,TASK-20260309-AKIT-SUBMODULE-PATH-FIX,integration,agent-auto-self-optimizing-closed-loop,gpt-5,true,aoso-repo-maintainer,0,0,true,0
2026-03-09,TASK-20260309-114451,repo-maintenance,agent-auto-self-optimizing-closed-loop,gpt-5,true,aoso-repo-maintainer,61349,9,true,0
2026-03-09,TASK-20260309-164502,repo-maintenance,agent-auto-self-optimizing-closed-loop,gpt-5,true,aoso-repo-maintainer,1256486,140,true,0
2026-03-09,TASK-20260309-171356,repo-maintenance,agent-auto-self-optimizing-closed-loop,gpt-5,true,aoso-repo-maintainer,515836,40,true,0
2026-03-09,TASK-20260309-174032,repo-maintenance,agent-auto-self-optimizing-closed-loop,gpt-5,true,aoso-repo-maintainer,1737727,125,true,0
2026-03-09,TASK-20260309-174936,repo-maintenance,agent-auto-self-optimizing-closed-loop,gpt-5,true,aoso-repo-maintainer,3835980,250,true,0
2026-03-09,TASK-20260309-180401,repo-maintenance,agent-auto-self-optimizing-closed-loop,gpt-5,true,aoso-repo-maintainer,1814234,93,true,0
2026-03-10,TASK-20260310-163505,repo-maintenance,agent-auto-self-optimizing-closed-loop,gpt-5,true,aoso-repo-maintainer,675776,743,true,0
2026-03-10,TASK-20260310-191016,repo-maintenance,agent-auto-self-optimizing-closed-loop,gpt-5,true,aoso-repo-maintainer,682870,75,true,0
2026-03-10,TASK-20260310-191548,repo-maintenance,agent-auto-self-optimizing-closed-loop,gpt-5,true,aoso-repo-maintainer,542340,74,true,0
2026-03-10,TASK-20260310-193732,repo-maintenance,agent-auto-self-optimizing-closed-loop,gpt-5,true,aoso-repo-maintainer,1630574,141,true,0
2026-03-10,TASK-20260310-193935,repo-maintenance,agent-auto-self-optimizing-closed-loop,gpt-5,true,aoso-repo-maintainer,470895,58,true,0
2026-03-10,TASK-20260310-194201,repo-maintenance,agent-auto-self-optimizing-closed-loop,gpt-5,true,aoso-repo-maintainer,1309204,111,true,0
2026-03-10,TASK-20260310-194922,repo-maintenance,agent-auto-self-optimizing-closed-loop,gpt-5,true,aoso-repo-maintainer,4440120,417,true,0
2026-03-10,TASK-20260310-194949,repo-maintenance,agent-auto-self-optimizing-closed-loop,gpt-5,true,aoso-repo-maintainer,4573997,444,true,0
2026-03-10,TASK-20260310-195136,repo-maintenance,agent-auto-self-optimizing-closed-loop,gpt-5,true,aoso-repo-maintainer,1349800,85,true,0
2026-03-10,TASK-20260310-195742,repo-maintenance,agent-auto-self-optimizing-closed-loop,gpt-5,true,aoso-repo-maintainer,6005226,349,true,0
2026-03-10,TASK-20260310-195914,repo-maintenance,agent-auto-self-optimizing-closed-loop,gpt-5,true,aoso-repo-maintainer,1269582,61,true,0
